{
  "description": "PCA cumulative explained variance \u2014 no model training",
  "text": {
    "original_dim": 768,
    "cumulative_variance": [
      0.07178188860416412,
      0.13276198506355286,
      0.1864219307899475,
      0.22034676373004913,
      0.24955269694328308,
      0.2749696671962738,
      0.2969196140766144,
      0.3164130449295044,
      0.3327012360095978,
      0.347627192735672,
      0.3622490167617798,
      0.3766441345214844,
      0.3902864158153534,
      0.40309983491897583,
      0.41536715626716614,
      0.4270654022693634,
      0.43833282589912415,
      0.4494847357273102,
      0.4603148102760315,
      0.47092413902282715,
      0.4807060956954956,
      0.4901702404022217,
      0.49921903014183044,
      0.5080271363258362,
      0.5162770748138428,
      0.5244570374488831,
      0.5323317050933838,
      0.540138304233551,
      0.5477570295333862,
      0.5550805330276489,
      0.562256932258606,
      0.5693216919898987,
      0.5761146545410156,
      0.5827834606170654,
      0.5893252491950989,
      0.5957503318786621,
      0.6019482016563416,
      0.608088493347168,
      0.6139997243881226,
      0.6197755932807922,
      0.6254222393035889,
      0.630964994430542,
      0.6364028453826904,
      0.6417387127876282,
      0.6470074653625488,
      0.6520822048187256,
      0.6571192145347595,
      0.6620119214057922,
      0.6667764782905579,
      0.6715030074119568,
      0.6761547327041626,
      0.680715799331665,
      0.6852535009384155,
      0.6896297931671143,
      0.6939536333084106,
      0.698127806186676,
      0.7021927237510681,
      0.7062134742736816,
      0.7101532816886902,
      0.7139508128166199,
      0.717695415019989,
      0.7213606238365173,
      0.7249772548675537,
      0.7285748720169067,
      0.7321123480796814,
      0.7356188297271729,
      0.7390172481536865,
      0.7423614859580994,
      0.7456920742988586,
      0.7489278316497803,
      0.7520927786827087,
      0.7552319765090942,
      0.7583397030830383,
      0.7613508701324463,
      0.7643122673034668,
      0.7672086358070374,
      0.7700520753860474,
      0.7728756666183472,
      0.7756374478340149,
      0.7783713340759277,
      0.7810645699501038,
      0.7837077975273132,
      0.7863152027130127,
      0.788912296295166,
      0.791443407535553,
      0.7939383387565613,
      0.7964053153991699,
      0.7988284230232239,
      0.8012133240699768,
      0.8035797476768494,
      0.8059335947036743,
      0.8082591891288757,
      0.8105126023292542,
      0.8127360939979553,
      0.8149302005767822,
      0.8170648217201233,
      0.8191937208175659,
      0.8213154077529907,
      0.8234253525733948,
      0.8254790902137756,
      0.8275098204612732,
      0.8295300602912903,
      0.8315029740333557,
      0.8334619402885437,
      0.8353952169418335,
      0.8372935056686401,
      0.8391724824905396,
      0.8410136699676514,
      0.8428382873535156,
      0.8446314930915833,
      0.8464014530181885,
      0.8481504917144775,
      0.8498464226722717,
      0.8515385389328003,
      0.8532106876373291,
      0.8548661470413208,
      0.8565049767494202,
      0.8581151962280273,
      0.8596914410591125,
      0.8612659573554993,
      0.8627991676330566,
      0.8643128275871277,
      0.8658214211463928,
      0.8673064112663269,
      0.8687877058982849,
      0.8702498078346252,
      0.8716821670532227,
      0.8731061816215515,
      0.8745169639587402,
      0.8759081363677979,
      0.8772889971733093,
      0.8786506652832031,
      0.879981517791748,
      0.8812931776046753,
      0.8825931549072266,
      0.8838754296302795,
      0.8851439356803894,
      0.8863958120346069,
      0.8876373767852783,
      0.8888718485832214,
      0.890080451965332,
      0.891282320022583,
      0.8924678564071655,
      0.8936397433280945,
      0.894797146320343,
      0.8959444165229797,
      0.8970751762390137,
      0.8981946110725403,
      0.8993031978607178,
      0.900390088558197,
      0.9014706611633301,
      0.9025275707244873,
      0.9035759568214417,
      0.9046118259429932,
      0.9056374430656433,
      0.9066596627235413,
      0.9076771140098572,
      0.9086872339248657,
      0.9096825122833252,
      0.9106668829917908,
      0.9116320610046387,
      0.912589430809021,
      0.9135380983352661,
      0.9144721627235413,
      0.9153991341590881,
      0.9163175821304321,
      0.9172261357307434,
      0.9181250333786011,
      0.918999433517456,
      0.9198668003082275,
      0.9207332730293274,
      0.9215933084487915,
      0.9224370718002319,
      0.9232751727104187,
      0.9241000413894653,
      0.9249120354652405,
      0.9257140755653381,
      0.9265128374099731,
      0.9273101091384888,
      0.9280959963798523,
      0.9288705587387085,
      0.9296355843544006,
      0.9303938150405884,
      0.9311412572860718,
      0.9318762421607971,
      0.9326043725013733,
      0.9333288669586182,
      0.934047281742096,
      0.9347466230392456,
      0.935442328453064,
      0.9361346960067749,
      0.9368209838867188,
      0.9374985694885254,
      0.9381644129753113,
      0.9388275742530823,
      0.9394828081130981,
      0.9401257038116455,
      0.9407656192779541,
      0.9413970708847046,
      0.9420278072357178,
      0.9426468014717102,
      0.9432648420333862,
      0.943878173828125,
      0.9444877505302429,
      0.9450920820236206,
      0.9456856846809387,
      0.9462730884552002,
      0.946858286857605,
      0.9474388957023621,
      0.9480106830596924,
      0.9485729336738586,
      0.949130654335022,
      0.949682354927063,
      0.950229287147522,
      0.9507707357406616,
      0.9513047337532043,
      0.9518324136734009,
      0.9523533582687378,
      0.952868640422821,
      0.9533807039260864,
      0.953890323638916,
      0.9543928503990173,
      0.9548882842063904,
      0.9553794860839844,
      0.9558647274971008,
      0.9563488960266113,
      0.9568282961845398,
      0.9572981595993042,
      0.9577653408050537,
      0.9582251906394958,
      0.9586823582649231,
      0.959135115146637,
      0.9595838189125061,
      0.960027277469635,
      0.9604614973068237,
      0.9608858823776245,
      0.9613098502159119,
      0.9617289304733276,
      0.9621450901031494,
      0.962560772895813,
      0.9629719853401184,
      0.9633775353431702,
      0.963779091835022,
      0.9641774892807007,
      0.9645729064941406,
      0.9649636149406433,
      0.9653521180152893,
      0.9657382965087891,
      0.9661231637001038,
      0.9665050506591797,
      0.9668788909912109,
      0.967250645160675,
      0.9676194190979004,
      0.9679849147796631,
      0.9683480858802795,
      0.9687064290046692
    ],
    "components_for_90pct": 150,
    "components_for_95pct": 214,
    "components_for_99pct": 257,
    "pca_time_s": 0.4
  },
  "collab": {
    "original_dim": 64,