{
  "config": {
    "NUM_BUCKETS": 8,
    "BATCH_SIZE": 128,
    "NUM_EPOCHS": 30,
    "LEARNING_RATE": 0.001,
    "D_MODEL": 128,
    "NUM_HEADS": 2,
    "NUM_BLOCKS": 2,
    "DROPOUT": 0.2,
    "SEED": 42,
    "bucketing_method": "test-sample-count-based"
  },
  "buckets": {
    "0": {
      "label": "[0-4]",
      "pop_min": 0,
      "pop_max": 4,
      "n_test_samples": 17200,
      "n_items": 2995
    },
    "1": {
      "label": "[4-5]",
      "pop_min": 4,
      "pop_max": 5,
      "n_test_samples": 17200,
      "n_items": 3303
    },
    "2": {
      "label": "[5-6]",
      "pop_min": 5,
      "pop_max": 6,
      "n_test_samples": 17200,
      "n_items": 3024
    },
    "3": {
      "label": "[6-7]",
      "pop_min": 6,
      "pop_max": 7,
      "n_test_samples": 17200,
      "n_items": 2113
    },
    "4": {
      "label": "[7-10]",
      "pop_min": 7,
      "pop_max": 10,
      "n_test_samples": 17200,
      "n_items": 2519
    },
    "5": {
      "label": "[10-16]",
      "pop_min": 10,
      "pop_max": 16,
      "n_test_samples": 17200,
      "n_items": 1927
    },
    "6": {
      "label": "[16-36]",
      "pop_min": 16,
      "pop_max": 36,
      "n_test_samples": 17200,
      "n_items": 1444
    },
    "7": {
      "label": "[36-369]",
      "pop_min": 36,
      "pop_max": 369,
      "n_test_samples": 17200,
      "n_items": 843
    }
  },
  "text": {
    "recall@10": 0.123326,
    "bucket_recall": {
      "5": 0.080174,
      "1": 0.106744,
      "4": 0.103023,
      "6": 0.109186,
      "0": 0.14814,
      "2": 0.098895,
      "3": 0.087907,
      "7": 0.252558
    },
    "time_s": 768.1
  },
  "collab": {
    "recall@10": 0.242044,
    "bucket_recall": {
      "5": 0.216105,
      "1": 0.2525,
      "4": 0.238488,
      "6": 0.231628,
      "0": 0.263721,
      "2": 0.254651,
      "3": 0.227442,
      "7": 0.25186
    },
    "time_s": 792.4
  },
  "fused": {
    "recall@10": 0.268432,
    "bucket_recall": {
      "5": 0.238663,
      "1": 0.276919,
      "4": 0.260465,
      "6": 0.247616,
      "0": 0.295291,
      "2": 0.267791,
      "3": 0.244477,
      "7": 0.316279
    },
    "time_s": 783.1
  }
}