{
  "description": "Zero-shot retrieval with history exclusion + unified cosine",
  "config": {
    "K": 10,
    "MAX_HIST_LEN": 20,
    "similarity": "cosine"
  },
  "buckets": {
    "0": {
      "label": "B0 [1-5]"
    },
    "1": {
      "label": "B1 [5-6]"
    },
    "2": {
      "label": "B2 [6-6]"
    },
    "3": {
      "label": "B3 [6-7]"
    },
    "4": {
      "label": "B4 [7-10]"
    },
    "5": {
      "label": "B5 [10-12]"
    },
    "6": {
      "label": "B6 [12-22]"
    },
    "7": {
      "label": "B7 [22-378]"
    }
  },
  "text": {
    "recall@10": 0.034074,
    "bucket_recall": {
      "0": 0.050616,
      "1": 0.037712,
      "2": 0.0,
      "3": 0.03427,
      "4": 0.032315,
      "5": 0.04098,
      "6": 0.033441,
      "7": 0.025056
    },
    "cold_mean": 0.040866,
    "hot_mean": 0.033159,
    "cold_hot_ratio": 1.2324
  },
  "collab": {
    "recall@10": 0.050262,
    "bucket_recall": {
      "0": 0.028305,
      "1": 0.020742,
      "2": 0.0,
      "3": 0.021948,
      "4": 0.024089,
      "5": 0.03998,
      "6": 0.039644,
      "7": 0.089335
    },
    "cold_mean": 0.023665,
    "hot_mean": 0.05632,
    "cold_hot_ratio": 0.4202
  }
}