{
  "upr": [
    0.8990840911865234
  ],
  "self": [
    0.9077455997467041
  ],
  "self_weight": [
    0.2
  ],
  "commitment": [
    0.4535996615886689
  ],
  "gate": [
    0.00027972493990091607
  ],
  "gate_weight": [
    0.2
  ],
  "total_loss": [
    1.1940890550613403
  ],
  "target_t": [
    0.010803241981193423
  ],
  "target_c": [
    0.016322825103998184
  ],
  "gate_t": [
    0.0627045864239335
  ],
  "gate_c": [
    0.06282796338200569
  ],
  "context_mask_rate": [
    0.1875
  ],
  "refine_drift": [
    0.011674033012241125
  ],
  "grad_ide": [
    0.20625895819435905
  ],
  "grad_encoder": [
    0.3314922940164219
  ],
  "grad_decoder": [
    0.8442024782628968
  ],
  "grad_codebook": [
    5.439508218851863e-11
  ],
  "used_codes_L1": [
    7.0
  ],
  "used_codes_L2": [
    4.75
  ],
  "val_upr": [
    0.5999292135238647
  ],
  "val_self": [
    0.6179811954498291
  ],
  "val_self_weight": [
    0.2
  ],
  "val_commitment": [
    0.5192440748214722
  ],
  "val_gate": [
    0.00036955601535737514
  ],
  "val_gate_weight": [
    0.2
  ],
  "val_total_loss": [
    0.8534103631973267
  ],
  "val_target_t": [
    0.02019534260034561
  ],
  "val_target_c": [
    0.030451873317360878
  ],
  "val_gate_t": [
    0.065518319606781
  ],
  "val_gate_c": [
    0.06328025460243225
  ],
  "val_context_mask_rate": [
    0.3333333432674408
  ],
  "val_refine_drift": [
    0.023292938247323036
  ],
  "val_used_codes_L1": [
    2.0
  ],
  "val_used_codes_L2": [
    1.0
  ],
  "val_entropy_L1": [
    0.0
  ],
  "val_entropy_L2": [
    0.0
  ],
  "val_qmse_L1": [
    0.1300509124994278
  ],
  "val_qmse_L2": [
    0.12957115471363068
  ]
}