{
  "upr": [
    1.0451750606298447
  ],
  "commitment": [
    0.10446520335972309
  ],
  "pref": [
    0.09093672037124634
  ],
  "pref_weight": [
    0.01
  ],
  "pop": [
    0.0015842916909605265
  ],
  "pop_weight": [
    0.01
  ],
  "total_loss": [
    1.0722165703773499
  ],
  "gate_t": [
    0.48473018407821655
  ],
  "gate_c": [
    0.5152698457241058
  ],
  "mix_self_t": [
    0.3124519810080528
  ],
  "mix_self_c": [
    0.33210764825344086
  ],
  "mix_context": [
    0.3554403707385063
  ],
  "context_mask_rate": [
    0.3359375
  ],
  "main_only": [
    1.071307212114334
  ],
  "pcgrad_pref_total": [
    0.0009093671687878668
  ],
  "grad_ide": [
    0.07719851852285446
  ],
  "grad_encoder": [
    0.13128766952093956
  ],
  "grad_decoder": [
    0.7591335007626554
  ],
  "grad_codebook": [
    0.0
  ],
  "used_codes_L1": [
    13.0
  ],
  "used_codes_L2": [
    13.75
  ],
  "val_upr": [
    0.9185510277748108
  ],
  "val_commitment": [
    0.2188996970653534
  ],
  "val_pref": [
    0.11885056644678116
  ],
  "val_pref_weight": [
    0.01
  ],
  "val_pop": [
    0.001060575246810913
  ],
  "val_pop_weight": [
    0.01
  ],
  "val_total_loss": [
    0.974475085735321
  ],
  "val_gate_t": [
    0.4966936409473419
  ],
  "val_gate_c": [
    0.5033063292503357
  ],
  "val_mix_self_t": [
    0.3223955035209656
  ],
  "val_mix_self_c": [
    0.3266887664794922
  ],
  "val_mix_context": [
    0.35091567039489746
  ],
  "val_context_mask_rate": [
    0.20000000298023224
  ],
  "val_used_codes_L1": [
    6.0
  ],
  "val_used_codes_L2": [
    7.0
  ],
  "val_entropy_L1": [
    0.9680764079093933
  ],
  "val_entropy_L2": [
    0.9836525321006775
  ],
  "val_qmse_L1": [
    0.06491053104400635
  ],
  "val_qmse_L2": [
    0.04453931003808975
  ]
}