{
  "upr": [
    0.3546200357377529
  ],
  "commitment": [
    0.09562936890870333
  ],
  "pref": [
    4.400112628936768
  ],
  "pref_weight": [
    0.049999999999999996
  ],
  "pop": [
    0.0054857718059793115
  ],
  "pop_weight": [
    0.02
  ],
  "total_loss": [
    0.5986427217721939
  ],
  "gate_t": [
    0.4462156407535076
  ],
  "gate_c": [
    0.5537843629717827
  ],
  "pref_pos_rate": [
    0.1409912109375
  ],
  "grad_ide": [
    0.041812754546221506
  ],
  "grad_encoder": [
    0.08779848198250882
  ],
  "grad_decoder": [
    0.24473846760751164
  ],
  "grad_codebook": [
    0.0
  ],
  "used_codes_L1": [
    12.5
  ],
  "used_codes_L2": [
    13.375
  ],
  "val_upr": [
    0.2504567801952362
  ],
  "val_commitment": [
    0.1526990383863449
  ],
  "val_pref": [
    3.1612396240234375
  ],
  "val_pref_weight": [
    0.05
  ],
  "val_pop": [
    0.005483618937432766
  ],
  "val_pop_weight": [
    0.02
  ],
  "val_total_loss": [
    0.44680318236351013
  ],
  "val_gate_t": [
    0.4481428265571594
  ],
  "val_gate_c": [
    0.5518571734428406
  ],
  "val_pref_pos_rate": [
    0.1088000014424324
  ],
  "val_used_codes_L1": [
    5.0
  ],
  "val_used_codes_L2": [
    9.0
  ],
  "val_entropy_L1": [
    0.9744426608085632
  ],
  "val_entropy_L2": [
    0.9831878542900085
  ],
  "val_qmse_L1": [
    0.048206035047769547
  ],
  "val_qmse_L2": [
    0.02814348228275776
  ]
}