{
  "upr": [
    0.42343848943710327
  ],
  "commitment": [
    0.07946407608687878
  ],
  "pref": [
    0.3618929758667946
  ],
  "pref_weight": [
    0.05
  ],
  "pop": [
    0.045602659694850445
  ],
  "pop_weight": [
    0.02
  ],
  "total_loss": [
    0.4623112082481384
  ],
  "grad_ide": [
    0.10455769759729512
  ],
  "grad_encoder": [
    0.20976770474259399
  ],
  "grad_decoder": [
    0.4802859747712928
  ],
  "grad_codebook": [
    0.0
  ],
  "gate_t": [
    0.1170034408569336
  ],
  "gate_c": [
    0.1329965740442276
  ],
  "used_codes_L1": [
    15.0
  ],
  "used_codes_L2": [
    15.75
  ],
  "val_upr": [
    0.3151060938835144
  ],
  "val_commitment": [
    0.1361158937215805
  ],
  "val_pop": [
    0.03942619264125824
  ],
  "val_pop_weight": [
    0.02
  ],
  "val_total_loss": [
    0.34992358088493347
  ],
  "val_used_codes_L1": [
    4.0
  ],
  "val_used_codes_L2": [
    9.0
  ],
  "val_entropy_L1": [
    0.9974351525306702
  ],
  "val_entropy_L2": [
    0.9992265701293945
  ],
  "val_qmse_L1": [
    0.043882645666599274
  ],
  "val_qmse_L2": [
    0.02417530119419098
  ]
}