{
  "upr": [
    1.0982632637023926
  ],
  "commitment": [
    0.06005651084706187
  ],
  "cma": [
    5.55562162399292
  ],
  "total_loss": [
    1.6816517114639282
  ],
  "rgcp_rel": [
    0.00019074631563853472
  ],
  "rgcp_anchor": [
    0.012621467467397451
  ],
  "rgcp_rec": [
    0.0
  ],
  "rgcp_r_t_mean": [
    0.508899599313736
  ],
  "rgcp_r_c_mean": [
    0.4884328842163086
  ],
  "rgcp_r_var": [
    0.0010495844180695713
  ],
  "rgcp_shift": [
    0.026596042327582836
  ],
  "used_codes_L1": [
    26.0
  ],
  "used_codes_L2": [
    28.5
  ],
  "used_codes_L3": [
    25.5
  ],
  "grad_ide": [
    1.1228497047780646
  ],
  "grad_encoder": [
    1.5903130458336208
  ],
  "grad_decoder": [
    1.4666842222252496
  ],
  "grad_codebook": [
    0.0
  ],
  "val_upr": [
    0.9866252541542053
  ],
  "val_commitment": [
    0.15486961603164673
  ],
  "val_cma": [
    3.1493616104125977
  ],
  "val_total_loss": [
    1.3402788639068604
  ],
  "val_used_codes_L1": [
    7.0
  ],
  "val_used_codes_L2": [
    9.0
  ],
  "val_used_codes_L3": [
    9.0
  ],
  "val_entropy_L1": [
    0.9860490560531616
  ],
  "val_entropy_L2": [
    0.9910181164741516
  ],
  "val_entropy_L3": [
    0.985260009765625
  ],
  "val_qmse_L1": [
    0.03666428104043007
  ],
  "val_qmse_L2": [
    0.023769544437527657
  ],
  "val_qmse_L3": [
    0.017000984400510788
  ]
}