{
  "upr": [
    1.102693796157837,
    0.9117595255374908,
    0.8202656358480453
  ],
  "commitment": [
    0.08037258870899677,
    0.1281716413795948,
    0.10177753120660782
  ],
  "total_loss": [
    1.1681581735610962,
    0.9737815856933594,
    0.9906329214572906
  ],
  "rgcp_rel": [
    0.0002025630819844082,
    0.00021021934662712738,
    0.00021589857715298422
  ],
  "rgcp_anchor": [
    0.012402231339365244,
    0.012437772238627076,
    0.012473491253331304
  ],
  "rgcp_rec": [
    0.03276637941598892,
    0.017331148497760296,
    0.010754108894616365
  ],
  "rgcp_r_t_mean": [
    0.5330467522144318,
    0.5407131761312485,
    0.5425080358982086
  ],
  "rgcp_r_c_mean": [
    0.4675065204501152,
    0.4545764848589897,
    0.4436107203364372
  ],
  "rgcp_r_var": [
    0.0008625380432931706,
    0.000866410176968202,
    0.0009206222021020949
  ],
  "rgcp_shift": [
    0.02600928209722042,
    0.02581706317141652,
    0.0254970733076334
  ],
  "used_codes_L1": [
    19.0,
    5.75,
    6.5
  ],
  "used_codes_L2": [
    22.75,
    17.75,
    21.5
  ],
  "used_codes_L3": [
    26.25,
    20.5,
    25.0
  ],
  "grad_ide": [
    0.4506463968376552
  ],
  "grad_encoder": [
    0.3914698831949351
  ],
  "grad_decoder": [
    0.9500941493069024
  ],
  "grad_codebook": [
    0.0
  ],
  "cma": [
    4.859175682067871
  ],
  "cma_weight": [
    0.025
  ],
  "val_upr": [
    0.9028301239013672,
    0.7936416864395142,
    0.7314210534095764
  ],
  "val_commitment": [
    0.2327832132577896,
    0.16847756505012512,
    0.08960780501365662
  ],
  "val_total_loss": [
    0.9610259532928467,
    0.8357610702514648,
    0.8503408432006836
  ],
  "val_used_codes_L1": [
    5.0,
    2.0,
    5.0
  ],
  "val_used_codes_L2": [
    11.0,
    8.0,
    14.0
  ],
  "val_used_codes_L3": [
    11.0,
    16.0,
    15.0
  ],
  "val_entropy_L1": [
    0.9649741053581238,
    0.9361486434936523,
    0.913199245929718
  ],
  "val_entropy_L2": [
    0.9831176400184631,
    0.9715119004249573,
    0.9779329895973206
  ],
  "val_entropy_L3": [
    0.9859522581100464,
    0.9791953563690186,
    0.9873487949371338
  ],
  "val_qmse_L1": [
    0.06372985988855362,
    0.04763688147068024,
    0.02493768185377121
  ],
  "val_qmse_L2": [
    0.03419401869177818,
    0.02338813990354538,
    0.013064994476735592
  ],
  "val_qmse_L3": [
    0.018467718735337257,
    0.013213753700256348,
    0.006801229901611805
  ],
  "val_cma": [
    3.860713481903076
  ],
  "val_cma_weight": [
    0.025
  ]
}