{
  "upr": [
    1.0878439545631409
  ],
  "commitment": [
    0.1081268209964037
  ],
  "pref": [
    0.3247539773583412
  ],
  "pref_weight": [
    0.02
  ],
  "pop": [
    0.010895017068833113
  ],
  "pop_weight": [
    0.01
  ],
  "total_loss": [
    1.1214796602725983
  ],
  "gate_t": [
    0.42735692858695984
  ],
  "gate_c": [
    0.5726430863142014
  ],
  "mix_self_t": [
    0.2782488241791725
  ],
  "mix_self_c": [
    0.37285494804382324
  ],
  "mix_context": [
    0.34889622777700424
  ],
  "context_mask_rate": [
    0.3359375
  ],
  "main_only": [
    1.1149845719337463
  ],
  "pcgrad_pref_total": [
    0.006495079374872148
  ],
  "grad_ide": [
    0.05399559793190665
  ],
  "grad_encoder": [
    0.10975279921718308
  ],
  "grad_decoder": [
    0.7468981760173065
  ],
  "grad_codebook": [
    0.0
  ],
  "used_codes_L1": [
    14.0
  ],
  "used_codes_L2": [
    15.0
  ],
  "val_upr": [
    0.9554790258407593
  ],
  "val_commitment": [
    0.1866452991962433
  ],
  "val_pref": [
    0.15311691164970398
  ],
  "val_pref_weight": [
    0.02
  ],
  "val_pop": [
    0.007431941106915474
  ],
  "val_pop_weight": [
    0.01
  ],
  "val_total_loss": [
    1.0052770376205444
  ],
  "val_gate_t": [
    0.4394223392009735
  ],
  "val_gate_c": [
    0.5605776309967041
  ],
  "val_mix_self_t": [
    0.28536948561668396
  ],
  "val_mix_self_c": [
    0.3640497326850891
  ],
  "val_mix_context": [
    0.3505808115005493
  ],
  "val_context_mask_rate": [
    0.20000000298023224
  ],
  "val_used_codes_L1": [
    6.0
  ],
  "val_used_codes_L2": [
    9.0
  ],
  "val_entropy_L1": [
    0.9861957430839539
  ],
  "val_entropy_L2": [
    0.9973933696746826
  ],
  "val_qmse_L1": [
    0.05399959906935692
  ],
  "val_qmse_L2": [
    0.039323046803474426
  ]
}