{
  "n_items": 256,
  "n_layers": 2,
  "unique_ids": 32,
  "unique_rate": 0.125,
  "collision_groups": 21,
  "items_in_collisions": 245,
  "items_in_collision_rate": 0.95703125,
  "max_collision_size": 84,
  "prefix_unique_rate": {
    "L1": 0.0234375,
    "L2": 0.125
  },
  "code_usage_rate": {
    "L1": 0.375,
    "L2": 0.875
  },
  "knn_l1": 0.9605468511581421,
  "knn_l12": 0.7945312261581421,
  "knn_z_l1": 0.814453125,
  "knn_z_l12": 0.43437498807907104,
  "sequence_prefix_hit_rate": {
    "train": {
      "n_samples": 110,
      "avg_max_prefix_depth": 1.009090909090909,
      "avg_max_prefix_depth_norm": 0.5045454545454545,
      "L1_prefix_hit": 0.6636363636363637,
      "L2_prefix_hit": 0.34545454545454546
    },
    "valid": {
      "n_samples": 119,
      "avg_max_prefix_depth": 0.9243697478991597,
      "avg_max_prefix_depth_norm": 0.46218487394957986,
      "L1_prefix_hit": 0.6050420168067226,
      "L2_prefix_hit": 0.31932773109243695
    }
  }
}