{
  "upr": [
    1.072381317615509
  ],
  "commitment": [
    0.11290111765265465
  ],
  "pref": [
    4.3037572503089905
  ],
  "pref_weight": [
    0.02
  ],
  "pop": [
    0.0012512258253991604
  ],
  "pop_weight": [
    0.02
  ],
  "total_loss": [
    1.1867067515850067
  ],
  "gate_t": [
    0.49305522441864014
  ],
  "gate_c": [
    0.5069447681307793
  ],
  "pref_pos_rate": [
    0.1409912109375
  ],
  "main_only": [
    1.1006316095590591
  ],
  "pcgrad_pref_total": [
    0.08607514202594757
  ],
  "grad_ide": [
    0.0865591551385486
  ],
  "grad_encoder": [
    0.15706392597981592
  ],
  "grad_decoder": [
    0.43561167933532263
  ],
  "grad_codebook": [
    0.0
  ],
  "used_codes_L1": [
    10.0
  ],
  "used_codes_L2": [
    13.0
  ],
  "val_upr": [
    0.8727008104324341
  ],
  "val_commitment": [
    0.1565627008676529
  ],
  "val_pref": [
    3.1115872859954834
  ],
  "val_pref_weight": [
    0.02
  ],
  "val_pop": [
    0.0009654569439589977
  ],
  "val_pop_weight": [
    0.02
  ],
  "val_total_loss": [
    0.9740925431251526
  ],
  "val_gate_t": [
    0.4929358661174774
  ],
  "val_gate_c": [
    0.5070641040802002
  ],
  "val_pref_pos_rate": [
    0.1088000014424324
  ],
  "val_used_codes_L1": [
    2.0
  ],
  "val_used_codes_L2": [
    8.0
  ],
  "val_entropy_L1": [
    0.9607646465301514
  ],
  "val_entropy_L2": [
    0.9860110878944397
  ],
  "val_qmse_L1": [
    0.05099526792764664
  ],
  "val_qmse_L2": [
    0.027286088094115257
  ]
}