{
  "upr": [
    0.8560406416654587
  ],
  "self": [
    0.8653014153242111
  ],
  "self_weight": [
    0.2
  ],
  "commitment": [
    0.48865163326263433
  ],
  "pref": [
    0.4542195573449135
  ],
  "pref_weight": [
    0.01
  ],
  "gate": [
    0.0005412765967776068
  ],
  "gate_weight": [
    0.2
  ],
  "total_loss": [
    1.1559143364429474
  ],
  "target_t": [
    0.01090431958436966
  ],
  "target_c": [
    0.016825816594064236
  ],
  "gate_t": [
    0.060592204332351685
  ],
  "gate_c": [
    0.05102690402418375
  ],
  "context_mask_rate": [
    0.1875
  ],
  "refine_drift": [
    0.012762662256136537
  ],
  "main_only": [
    1.151372104883194
  ],
  "pcgrad_pref_total": [
    0.004542195471003652
  ],
  "grad_ide": [
    0.11296967657000921
  ],
  "grad_encoder": [
    0.20129401000748767
  ],
  "grad_decoder": [
    0.9540374442199875
  ],
  "grad_codebook": [
    4.3957865125676676e-11
  ],
  "used_codes_L1": [
    7.5
  ],
  "used_codes_L2": [
    5.5
  ],
  "val_upr": [
    0.6356542706489563
  ],
  "val_self": [
    0.6580458879470825
  ],
  "val_self_weight": [
    0.2
  ],
  "val_commitment": [
    0.5332931280136108
  ],
  "val_pref": [
    0.2892552614212036
  ],
  "val_pref_weight": [
    0.01
  ],
  "val_gate": [
    0.0008768858388066292
  ],
  "val_gate_weight": [
    0.2
  ],
  "val_total_loss": [
    0.9036546349525452
  ],
  "val_target_t": [
    0.020168639719486237
  ],
  "val_target_c": [
    0.033069778233766556
  ],
  "val_gate_t": [
    0.059779901057481766
  ],
  "val_gate_c": [
    0.04596643149852753
  ],
  "val_context_mask_rate": [
    0.3333333432674408
  ],
  "val_refine_drift": [
    0.028127843514084816
  ],
  "val_used_codes_L1": [
    2.0
  ],
  "val_used_codes_L2": [
    1.0
  ],
  "val_entropy_L1": [
    0.0
  ],
  "val_entropy_L2": [
    0.0
  ],
  "val_qmse_L1": [
    0.1338760107755661
  ],
  "val_qmse_L2": [
    0.13277055323123932
  ]
}